City_ID,City,Country,Lat,Lng,Max Temp,Humidity,Cloudiness,Wind Speed,Current Description
0,Cape Town,ZA,-33.9258,18.4232,66.11,61,81,5.99,broken clouds
1,Koath,IN,25.3167,84.2667,91.31,5,1,5.48,clear sky
2,Oriximina,BR,-1.7656,-55.8661,78.17,90,89,3.29,overcast clouds
3,Butaritari,KI,3.0707,172.7902,81.5,75,100,22.82,overcast clouds
4,Pangnirtung,CA,66.1451,-65.7125,-0.4,92,100,5.75,mist
5,Laguna,US,38.421,-121.4238,56.17,56,0,5.75,clear sky
6,Northam,GB,51.0333,-4.2167,55.38,89,19,27.74,few clouds
7,Rikitea,PF,-23.1203,-134.9692,77.65,70,16,16.4,few clouds
8,Qaanaaq,GL,77.484,-69.3632,8.89,94,100,2.21,overcast clouds
9,Saldanha,ZA,-33.0117,17.9442,62.29,63,46,16.08,scattered clouds
10,Bilma,NE,18.6853,12.9164,106.29,4,11,14.36,few clouds
11,Nishinomiya,JP,34.7167,135.3333,60.21,57,13,4.47,few clouds
12,Hearst,CA,49.6835,-83.6665,33.87,90,100,10.6,overcast clouds
13,Vaini,TO,-21.2,-175.2,80.85,74,100,11.14,overcast clouds
14,Santiago,CL,-33.4569,-70.6483,73.29,42,0,2.3,clear sky
15,Teruel,ES,40.6667,-0.6667,49.98,32,21,14.27,few clouds
16,Pocone,BR,-16.2567,-56.6228,83.75,64,0,3.76,clear sky
17,Yellowknife,CA,62.456,-114.3525,3.56,84,100,5.99,overcast clouds
18,Caravelas,BR,-17.7125,-39.2481,85.78,60,39,4.63,scattered clouds
19,Baykit,RU,61.67,96.37,37.29,98,100,7.2,light rain
20,Ixtapa,MX,20.7,-105.2,69.03,83,100,3.44,overcast clouds
21,Townsville,AU,-19.25,146.8,79.68,74,75,8.05,broken clouds
22,Mitsamiouli,KM,-11.3847,43.2844,83.64,70,100,2.01,overcast clouds
23,Hermanus,ZA,-34.4187,19.2345,62.8,61,99,19.17,overcast clouds
24,Jamestown,US,42.097,-79.2353,51.39,79,100,9.22,overcast clouds
25,Ugoofaaru,MV,5.6667,73.0,84.2,68,11,7.2,few clouds
26,Ushuaia,AR,-54.8,-68.3,40.62,81,75,27.63,broken clouds
27,Nelson Bay,AU,-32.7167,152.15,73.0,89,35,10.0,scattered clouds
28,Hobart,AU,-42.8794,147.3294,52.05,81,0,5.75,clear sky
29,Jabinyanah,TN,35.035,10.9081,71.55,59,78,11.83,broken clouds
30,Provideniya,RU,64.3833,-173.3,-1.1,90,100,5.53,overcast clouds
31,Kutum,SD,14.2,24.6667,96.17,9,5,11.52,clear sky
32,Atuona,PF,-9.8,-139.0333,77.88,78,29,19.04,light rain
33,Rathdrum,US,47.8137,-116.892,31.23,83,0,9.22,clear sky
34,Myitkyina,MM,25.3833,97.4,75.72,59,48,4.92,scattered clouds
35,Punta Arenas,CL,-53.15,-70.9167,41.11,65,40,9.13,scattered clouds
36,Georgetown,MY,5.4112,100.3354,84.13,74,40,2.3,light rain
37,Coihaique,CL,-45.5752,-72.0662,42.75,87,100,5.75,moderate rain
38,Saint George,US,37.1041,-113.5841,50.63,30,0,16.11,clear sky
39,Eberbach,DE,49.4694,8.9928,56.19,84,100,12.37,overcast clouds
40,Maragogi,BR,-9.0122,-35.2225,81.32,75,35,8.41,scattered clouds
41,Carnarvon,AU,-24.8667,113.6333,81.32,68,96,18.43,overcast clouds
42,Aksarka,RU,66.5606,67.7975,18.99,83,100,16.87,light snow
43,Bredasdorp,ZA,-34.5322,20.0403,62.24,51,98,21.97,overcast clouds
44,Shenjiamen,CN,29.9576,122.298,57.45,87,100,7.7,overcast clouds
45,Upernavik,GL,72.7868,-56.1549,1.76,94,27,8.57,scattered clouds
46,Sao Filipe,CV,14.8961,-24.4956,71.71,72,3,12.08,clear sky
47,Kruisfontein,ZA,-34.0033,24.7314,68.88,54,7,30.85,clear sky
48,Dikson,RU,73.5069,80.5464,2.89,87,73,21.21,broken clouds
49,Anadyr,RU,64.75,177.4833,-5.3,77,0,11.18,clear sky
50,Verkhoyansk,RU,67.5447,133.385,-9.04,100,100,1.54,overcast clouds
51,Port Lincoln,AU,-34.7333,135.8667,61.65,79,18,17.94,few clouds
52,Tuktoyaktuk,CA,69.4541,-133.0374,-0.99,93,71,12.01,broken clouds
53,Svetlaya,RU,46.5389,138.3297,29.39,64,8,11.7,clear sky
54,San Remigio,PH,11.0809,123.9381,80.53,81,100,9.8,overcast clouds
55,Kapaa,US,22.0752,-159.319,67.98,98,75,5.75,broken clouds
56,Galveston,US,29.3669,-94.9669,74.17,93,100,11.5,mist
57,East London,ZA,-33.0153,27.9116,71.91,59,10,20.85,clear sky
58,Pedernales,DO,18.0384,-71.744,79.88,66,10,4.34,clear sky
59,Sechura,PE,-5.5569,-80.8222,71.65,74,6,9.33,clear sky
60,Sibolga,ID,1.7427,98.7792,77.86,87,51,3.69,broken clouds
61,Khatanga,RU,71.9667,102.5,8.33,80,23,16.69,few clouds
62,Malakal,SS,9.5334,31.6605,105.26,19,17,3.47,few clouds
63,Am Timan,TD,11.0297,20.2827,106.65,13,6,7.54,clear sky
64,Guerrero Negro,MX,27.9769,-114.0611,56.97,87,0,3.53,clear sky
65,Puerto Ayora,EC,-0.7393,-90.3518,78.12,85,46,6.6,scattered clouds
66,Norden,DE,53.6,7.2,51.94,94,100,1.99,overcast clouds
67,Usinsk,RU,65.9939,57.5281,22.06,83,100,4.43,overcast clouds
68,Ivanivka,UA,46.7208,34.553,59.14,46,13,14.83,few clouds
69,Xingcheng,CN,40.6167,120.7167,39.34,43,100,10.89,overcast clouds
70,Chokurdakh,RU,70.6333,147.9167,-22.68,100,31,3.44,scattered clouds
71,Lagoa,PT,39.05,-27.9833,60.6,86,94,19.89,overcast clouds
72,Ponta Do Sol,PT,32.6667,-17.1,65.71,59,4,2.91,clear sky
73,Pisco,PE,-13.7,-76.2167,68.05,83,18,6.91,mist
74,Saskylakh,RU,71.9167,114.0833,-13.85,99,22,6.71,few clouds
75,Hilo,US,19.7297,-155.09,71.33,85,75,5.75,broken clouds
76,Cayenne,GF,4.9333,-52.3333,82.44,1,75,12.66,broken clouds
77,Komsomolskiy,UZ,40.4272,71.7189,83.12,17,93,2.3,overcast clouds
78,Thompson,CA,55.7435,-97.8558,26.4,93,99,8.84,overcast clouds
79,Ambon,ID,-3.6954,128.1814,82.54,78,40,4.61,scattered clouds
80,Borgentreich,DE,51.5692,9.2411,54.91,66,100,18.81,overcast clouds
81,Los Llanos De Aridane,ES,28.6585,-17.9182,62.35,76,75,11.01,broken clouds
82,Lasa,IT,46.6166,10.7002,58.69,95,98,4.45,overcast clouds
83,Lavrentiya,RU,65.5833,-171.0,-12.93,95,78,8.19,broken clouds
84,Ust-Nera,RU,64.5667,143.2,-4.49,100,100,5.61,overcast clouds
85,Atar,MR,20.5169,-13.0499,88.32,14,0,9.8,clear sky
86,Vila Velha,BR,-20.3297,-40.2925,85.95,84,40,10.36,scattered clouds
87,Yar-Sale,RU,66.8333,70.8333,20.52,92,100,29.04,light snow
88,Talnakh,RU,69.4865,88.3972,24.96,96,100,9.13,snow
89,Rumford,US,44.5537,-70.5509,48.96,64,100,2.93,overcast clouds
90,Sakakah,SA,29.9697,40.2064,94.5,5,0,14.07,clear sky
91,Busselton,AU,-33.65,115.3333,62.58,74,100,7.83,overcast clouds
92,Serra Talhada,BR,-7.9919,-38.2983,83.98,52,98,7.56,overcast clouds
93,Leningradskiy,RU,69.3833,178.4167,-6.05,96,100,20.76,light snow
94,Ilulissat,GL,69.2167,-51.1,23.02,86,75,4.61,light snow
95,Mastung,PK,29.7994,66.845,78.89,10,13,8.97,few clouds
96,High Level,CA,58.5169,-117.136,21.2,99,100,1.9,overcast clouds
97,Bethel,US,41.3712,-73.414,48.07,91,100,11.5,light rain
98,Boyolangu,ID,-8.1181,111.8935,76.77,86,25,4.36,scattered clouds
99,Isabela,PH,6.7085,121.9711,75.47,96,100,4.85,overcast clouds
100,Pizarro,CO,4.9533,-77.366,78.82,87,100,4.12,overcast clouds
101,Tucumcari,US,35.1717,-103.725,35.44,48,0,4.61,clear sky
102,Flinders,AU,-34.5833,150.8552,66.38,91,100,5.01,light rain
103,Bengkulu,ID,-3.8004,102.2655,78.08,85,92,0.56,light rain
104,Mataura,NZ,-46.1927,168.8643,44.08,86,95,5.66,overcast clouds
105,Sinop,TR,41.7711,34.8709,43.23,92,87,5.44,overcast clouds
106,Itoman,JP,26.1247,127.6694,68.02,65,75,8.05,broken clouds
107,Saint-Philippe,RE,-21.3585,55.7679,81.99,86,100,13.18,light rain
108,Vysokogornyy,RU,50.1167,139.15,20.28,90,100,15.43,light snow
109,Buta,CD,2.7858,24.73,84.45,61,100,6.69,overcast clouds
110,Puerto Madryn,AR,-42.7692,-65.0385,60.1,72,14,7.61,few clouds
111,Litovko,RU,49.2361,135.1742,24.6,74,21,15.77,few clouds
112,San Patricio,US,28.017,-97.5169,73.49,92,0,9.78,clear sky
113,Shenzhen,CN,22.5455,114.0683,77.07,65,86,7.14,overcast clouds
114,Mehamn,NO,71.0357,27.8492,35.51,73,100,23.67,overcast clouds
115,Southbridge,US,42.0751,-72.0334,46.26,96,100,3.0,light rain
116,Avarua,CK,-21.2078,-159.775,75.25,94,100,1.14,overcast clouds
117,Castro,BR,-24.7911,-50.0119,69.51,82,90,2.21,overcast clouds
118,Jining,CN,35.405,116.5814,56.21,60,0,5.41,clear sky
119,Mahebourg,MU,-20.4081,57.7,81.25,78,40,10.36,scattered clouds
120,Teya,RU,60.3778,92.6267,36.86,97,100,8.43,overcast clouds
121,Matara,LK,5.9485,80.5353,79.9,83,100,7.49,overcast clouds
122,Bluff,NZ,-46.6,168.3333,48.92,66,89,18.3,overcast clouds
123,Surab,PK,28.4914,66.2585,76.42,17,36,15.48,scattered clouds
124,Santa Rita,BR,-7.1139,-34.9781,84.87,70,75,8.05,broken clouds
125,Belyy Yar,RU,53.6039,91.3903,64.29,48,0,4.47,clear sky
126,Urubicha,BO,-15.3833,-62.95,82.08,64,36,1.72,scattered clouds
127,Avera,US,33.194,-82.5271,63.91,97,100,6.24,overcast clouds
128,Santa Rosa,PH,14.3122,121.1114,81.1,79,97,10.6,overcast clouds
129,Geelong,AU,-38.1471,144.3607,62.51,82,75,23.02,broken clouds
130,Hay River,CA,60.8156,-115.7999,13.21,97,100,3.15,overcast clouds
131,Ribeira Grande,PT,38.5167,-28.7,63.0,88,75,14.97,broken clouds
132,Lodja,CD,-3.4833,23.4333,91.72,43,85,1.36,overcast clouds
133,Mantua,IT,45.1667,10.7833,65.34,58,100,5.99,overcast clouds
134,Kodiak,US,57.79,-152.4072,33.31,86,100,0.0,light snow
135,Meulaboh,ID,4.1363,96.1285,80.19,77,98,3.13,overcast clouds
136,San Cristobal,VE,7.7669,-72.225,71.78,76,100,4.47,overcast clouds
137,Albany,US,42.6001,-73.9662,46.38,75,100,1.19,overcast clouds
138,Castel San Pietro Terme,IT,44.3986,11.5848,64.45,54,100,6.58,overcast clouds
139,Yerbogachen,RU,61.2767,108.0108,26.64,96,100,12.24,light snow
140,Brae,GB,60.3964,-1.353,41.65,52,100,21.65,overcast clouds
141,Port Elizabeth,ZA,-33.918,25.5701,71.1,54,35,11.99,scattered clouds
142,Predejane,RS,42.8294,22.1311,67.98,36,2,4.85,clear sky
143,Sivaki,RU,52.6333,126.75,23.04,46,100,17.92,overcast clouds
144,Keshod,IN,21.3,70.25,86.79,47,64,13.51,broken clouds
145,Zhigalovo,RU,54.8097,105.1578,35.02,98,100,2.71,overcast clouds
146,Semirom,IR,31.4167,51.5667,60.31,18,99,18.95,overcast clouds
147,Port Blair,IN,11.6667,92.75,82.4,72,15,7.4,few clouds
148,Emilio Carranza,MX,19.9711,-96.6114,76.98,54,8,4.47,clear sky
149,Sorland,NO,67.667,12.6934,37.26,65,0,27.63,clear sky
150,Skjervoy,NO,70.0311,20.9714,32.0,65,100,15.52,light snow
151,Vredendal,ZA,-31.6683,18.5012,69.24,48,10,15.68,clear sky
152,San Julian,MX,21.0167,-102.1667,52.41,40,89,2.68,overcast clouds
153,Paracuru,BR,-3.41,-39.0306,82.11,75,98,6.31,overcast clouds
154,Victoria,HK,22.2855,114.1577,73.45,69,46,11.01,scattered clouds
155,Fairbanks,US,64.8378,-147.7164,13.6,84,0,0.0,clear sky
156,Laishevo,RU,55.4046,49.5504,39.42,94,100,17.63,overcast clouds
157,Hambantota,LK,6.1241,81.1185,80.74,78,100,4.74,overcast clouds
158,Westport,US,41.1415,-73.3579,49.75,94,100,17.27,moderate rain
159,Kavieng,PG,-2.5744,150.7967,80.38,84,100,13.0,light rain
160,Grindavik,IS,63.8424,-22.4338,30.67,69,20,19.57,few clouds
161,Olafsvik,IS,64.8945,-23.7142,28.31,60,33,20.69,scattered clouds
162,Auki,SB,-8.7676,160.7034,76.69,88,100,5.79,light rain
163,Qiongshan,CN,20.0058,110.3542,70.88,72,4,5.32,clear sky
164,Shiyan,CN,32.6475,110.7781,68.97,37,0,3.58,clear sky
165,Lebu,CL,-37.6167,-73.65,54.52,85,0,4.76,clear sky
166,Owando,CG,-0.4819,15.8999,79.86,64,100,1.74,overcast clouds
167,Maine-Soroa,NE,13.2114,12.0241,107.15,5,12,16.46,few clouds
168,New Norfolk,AU,-42.7826,147.0587,51.71,62,0,2.33,clear sky
169,Moerai,PF,-22.4333,-151.3333,80.94,71,98,12.17,overcast clouds
170,Nianzishan,CN,47.5167,122.8833,29.23,33,97,9.22,overcast clouds
171,Longyearbyen,SJ,78.2186,15.6401,12.04,67,20,13.8,few clouds
172,Kapoeta,SS,4.7717,33.5903,100.09,20,48,21.3,scattered clouds
173,Ketchikan,US,55.3422,-131.6461,39.67,81,40,8.05,scattered clouds
174,Sosnovo-Ozerskoye,RU,52.5249,111.5418,20.62,88,83,1.9,broken clouds
175,Pevek,RU,69.7008,170.3133,-20.74,100,98,5.23,overcast clouds
176,Richards Bay,ZA,-28.783,32.0377,82.44,72,0,11.18,clear sky
177,San Rafael,AR,-34.6177,-68.3301,71.92,25,0,3.87,clear sky
178,Arman,RU,59.7,150.1667,23.02,79,100,11.34,overcast clouds
179,Kavaratti,IN,10.5669,72.642,84.29,72,100,10.83,overcast clouds
180,Palaia Fokaia,GR,37.72,23.9463,70.99,62,1,5.01,clear sky
181,Mana,GF,5.6592,-53.7767,79.43,84,72,9.82,broken clouds
182,Mar Del Plata,AR,-38.0023,-57.5575,68.88,62,0,12.66,clear sky
183,Port Alfred,ZA,-33.5906,26.891,67.17,65,91,11.99,overcast clouds
184,Canico,PT,32.6333,-16.85,65.71,63,40,9.22,scattered clouds
185,Cauquenes,CL,-35.9671,-72.3225,60.3,66,8,3.36,clear sky
186,Warora,IN,20.2333,79.0,102.63,11,13,4.23,few clouds
187,Pandharpur,IN,17.6667,75.3333,100.87,14,57,10.58,broken clouds
188,Airai,TL,-8.9266,125.4092,59.81,93,96,2.8,overcast clouds
189,Adrar,MR,20.5022,-10.0711,87.03,14,0,13.06,clear sky
190,Baie-Saint-Paul,CA,47.4411,-70.4986,34.41,83,3,3.51,clear sky
191,Souillac,MU,-20.5167,57.5167,80.98,78,40,10.36,scattered clouds
192,Arecibo,PR,18.4724,-66.7157,83.26,73,0,5.01,clear sky
193,Horasan,TR,40.0458,42.1728,45.52,84,100,2.91,moderate rain
194,Hithadhoo,MV,-0.6,73.0833,83.41,63,7,1.52,clear sky
195,Chuy,UY,-33.6971,-53.4616,68.34,58,0,5.75,clear sky
196,Llangefni,GB,53.2556,-4.3106,53.11,76,20,24.16,few clouds
197,Severo-Kurilsk,RU,50.6789,156.125,33.06,80,98,11.14,overcast clouds
198,Menongue,AO,-14.6585,17.691,75.78,61,100,3.42,overcast clouds
199,Kununurra,AU,-15.7667,128.7333,78.78,89,17,1.14,few clouds
200,Kahului,US,20.8947,-156.47,73.85,78,0,8.05,clear sky
201,Mangrol,IN,21.1167,70.1167,82.6,66,63,14.14,broken clouds
202,Portland,US,45.5234,-122.6762,40.41,90,20,3.0,few clouds
203,Clyde River,CA,70.4692,-68.5914,-1.97,78,0,9.22,clear sky
204,Suez,EG,29.9737,32.5263,100.83,9,0,23.35,clear sky
205,Puerto Baquerizo Moreno,EC,-0.9,-89.6,77.97,84,82,10.02,light rain
206,Norman Wells,CA,65.282,-126.8329,3.7,98,61,3.04,broken clouds
207,Tasiilaq,GL,65.6145,-37.6368,26.76,81,65,2.46,broken clouds
208,Quilmana,PE,-12.95,-76.3833,71.19,81,54,3.74,broken clouds
209,Tautira,PF,-17.7333,-149.15,81.79,75,100,24.09,overcast clouds
210,Coahuayana,MX,18.7333,-103.6833,65.01,69,25,2.01,scattered clouds
211,North Bend,US,43.4065,-124.2243,44.51,84,0,16.11,clear sky
212,Coquimbo,CL,-29.9533,-71.3436,53.33,100,100,2.3,haze
213,Bathsheba,BB,13.2167,-59.5167,81.21,69,75,20.71,broken clouds
214,Villa Maria,AR,-32.4075,-63.2402,69.82,80,0,9.46,clear sky
215,Arraial Do Cabo,BR,-22.9661,-42.0278,80.46,83,75,12.66,broken clouds
216,Fortuna,US,40.5982,-124.1573,38.32,100,0,10.36,clear sky
217,Esperance,AU,-33.8667,121.9,64.35,76,100,14.97,overcast clouds
218,Zalantun,CN,48.0,122.7167,23.81,45,0,5.91,clear sky
219,Synya,RU,65.3718,58.0387,23.63,79,100,2.21,overcast clouds
220,Nalut,LY,30.3333,10.85,98.6,9,0,16.91,clear sky
221,Rudnichnyy,RU,59.617,52.4703,33.51,98,100,10.67,light snow
222,Poletayevo,RU,55.0336,61.1138,40.82,83,100,5.01,overcast clouds
223,Coihueco,CL,-36.6167,-71.8333,50.74,93,100,8.05,mist
224,Nikolskoye,RU,59.7035,30.7861,32.88,65,98,7.67,overcast clouds
225,Kanniyakumari,IN,8.0833,77.5667,84.15,71,42,10.51,scattered clouds
226,Barrow,US,71.2906,-156.7887,-23.78,76,0,11.5,clear sky
227,Tabuk,PH,17.4189,121.4443,72.82,93,100,4.72,overcast clouds
228,Yendi,GH,9.4427,-0.0099,102.76,29,100,4.7,overcast clouds
229,Sao Joao Da Barra,BR,-21.6403,-41.0511,82.49,73,100,12.97,overcast clouds
230,Tulum,MX,20.2167,-87.4667,81.05,75,100,10.45,overcast clouds
231,Saint-Augustin,CA,51.226,-58.6502,34.59,89,100,15.37,overcast clouds
232,Horsham,GB,51.064,-0.3272,56.89,83,75,18.41,broken clouds
233,Kondoa,TZ,-4.9,35.7833,82.89,34,0,8.03,clear sky
234,Karcsa,HU,48.3113,21.8054,61.99,62,91,14.74,overcast clouds
235,Constitucion,CL,-35.3333,-72.4167,60.64,68,2,4.29,clear sky
236,Bandarbeyla,SO,9.4942,50.8122,82.33,64,20,9.69,few clouds
237,Omsukchan,RU,62.5333,155.8,-9.15,100,99,3.36,overcast clouds
238,Andreapol,RU,56.6513,32.2664,34.29,64,12,12.1,light snow
239,Sena Madureira,BR,-9.0656,-68.6569,81.66,72,59,2.13,broken clouds
240,Faya,SA,18.3851,42.4509,81.12,10,0,7.05,clear sky
241,Ahipara,NZ,-35.1667,173.1667,64.6,92,100,7.47,light rain
242,Mao,ES,39.8885,4.2658,54.16,66,20,12.66,few clouds
243,Gunnedah,AU,-30.9833,150.25,64.08,88,100,10.94,light rain
244,Rock Springs,US,41.5875,-109.2029,23.05,63,0,21.85,clear sky
245,Padang,ID,-0.9492,100.3543,79.39,83,100,3.2,moderate rain
246,Port Hawkesbury,CA,45.6169,-61.3485,39.9,73,6,8.01,clear sky
247,Uthal,PK,25.8072,66.6219,94.08,20,0,13.78,clear sky
248,Cabo San Lucas,MX,22.8909,-109.9124,66.51,84,0,5.14,clear sky
249,Fairview,US,40.8126,-73.999,48.78,93,100,28.77,light rain
250,Corinto,GR,37.9407,22.9573,71.42,52,3,3.24,clear sky
251,Hobyo,SO,5.3505,48.5268,84.31,62,8,12.44,clear sky
252,Linkou,CN,45.3,130.2833,28.29,28,0,7.54,clear sky
253,Chanute,US,37.6792,-95.4572,46.51,87,0,6.91,clear sky
254,Loubomo,CG,-4.1997,12.6739,84.88,65,83,0.25,broken clouds
255,Sovetskiy,RU,61.3614,63.5842,31.68,76,8,9.69,clear sky
256,Yeppoon,AU,-23.1333,150.7333,74.98,70,13,16.62,few clouds
257,Dali,CN,25.7,100.1833,50.74,88,84,4.72,broken clouds
258,Tiksi,RU,71.6872,128.8694,-17.46,100,91,3.2,overcast clouds
259,Ligatne,LV,57.2343,25.0406,41.25,44,98,8.01,overcast clouds
260,Te Anau,NZ,-45.4167,167.7167,45.27,92,100,4.76,overcast clouds
261,Nisia Floresta,BR,-6.0911,-35.2086,83.21,68,47,7.9,scattered clouds
262,Thaba-Tseka,LS,-29.522,28.6084,60.31,27,0,22.3,clear sky
263,Rawson,AR,-43.3002,-65.1023,58.06,79,99,11.56,overcast clouds
264,Narsaq,GL,60.9167,-46.05,30.42,64,79,1.5,broken clouds
265,Viedma,AR,-40.8135,-62.9967,69.17,45,100,5.01,overcast clouds
266,Kongolo,CD,-5.3833,27.0,87.58,57,97,4.05,overcast clouds
267,Seryshevo,RU,51.0933,128.3786,27.57,46,100,16.04,overcast clouds
268,Sistranda,NO,63.7256,8.834,39.16,50,37,15.32,scattered clouds
269,Cairns,AU,-16.9167,145.7667,78.75,82,12,5.75,few clouds
270,Porbandar,IN,21.6422,69.6093,87.24,51,80,19.39,broken clouds
271,Marawi,PH,7.9986,124.2928,68.4,97,100,1.21,moderate rain
272,Zhigansk,RU,66.7697,123.3711,-7.53,100,7,7.96,clear sky
273,Otuzco,PE,-7.9,-78.5833,55.2,67,5,2.33,clear sky
274,Gilbues,BR,-9.8317,-45.3439,87.37,38,10,9.57,clear sky
275,El Retorno,CO,2.3302,-72.6276,71.96,99,100,1.68,overcast clouds
276,Banikoara,BJ,11.2985,2.4386,106.95,19,54,4.25,broken clouds
277,Dingle,PH,10.9995,122.6711,76.28,89,100,5.99,overcast clouds
278,Ostrovnoy,RU,68.0531,39.5131,26.67,90,100,19.28,overcast clouds
279,Lompoc,US,34.6391,-120.4579,66.63,46,0,20.71,clear sky
280,Kieta,PG,-6.2167,155.6333,76.6,95,100,9.1,moderate rain
281,Veraval,IN,20.9,70.3667,83.01,65,31,12.53,scattered clouds
282,Katsuura,JP,35.1333,140.3,60.04,77,100,15.5,overcast clouds
283,Tambun,ID,-6.2641,107.0712,84.09,78,64,4.36,broken clouds
284,Muli,MV,2.9167,73.5667,84.25,68,30,5.48,scattered clouds
285,Fukue,JP,32.6881,128.8419,58.5,59,99,7.81,overcast clouds
286,Wigtown,GB,54.8684,-4.4419,47.71,81,99,16.24,overcast clouds
287,Kismayo,SO,-0.3582,42.5454,85.15,63,2,10.45,clear sky
288,Thunder Bay,CA,48.4001,-89.3168,35.29,91,100,1.01,moderate rain
289,Statesboro,US,32.4488,-81.7832,71.13,95,100,8.48,overcast clouds
290,Nipawin,CA,53.3668,-104.0009,25.81,93,77,6.08,broken clouds
291,Tuatapere,NZ,-46.1333,167.6833,47.48,78,98,8.55,overcast clouds
292,Florence,IT,43.7667,11.25,67.46,40,0,4.61,clear sky
293,Karratha,AU,-20.7377,116.8463,85.75,62,0,8.28,light rain
294,Umtata,ZA,-31.5889,28.7844,75.02,38,2,4.5,clear sky
295,Zwedru,LR,6.0667,-8.1281,88.75,62,85,3.24,moderate rain
296,West Des Moines,US,41.572,-93.7453,44.29,62,20,18.41,few clouds
297,Wanning,CN,18.8003,110.3967,71.46,77,57,7.09,broken clouds
298,Bonthe,SL,7.5264,-12.505,86.92,62,91,11.59,overcast clouds
299,Ostersund,SE,63.1792,14.6357,34.61,69,75,19.57,broken clouds
300,Iguatu,BR,-6.3594,-39.2986,84.52,63,39,3.4,scattered clouds
301,Leh,IN,34.1667,77.5833,35.38,37,2,4.97,clear sky
302,Makakilo City,US,21.3469,-158.0858,71.92,76,20,5.75,few clouds
303,San Juan,AR,-31.5375,-68.5364,71.58,37,0,2.04,clear sky
304,Faanui,PF,-16.4833,-151.75,82.38,77,22,20.15,light rain
305,Tyret Pervaya,RU,53.6703,102.3106,34.92,100,100,2.98,overcast clouds
306,Manokwari,ID,-0.8667,134.0833,79.72,78,100,2.89,overcast clouds
307,Harbour Breton,CA,47.4833,-55.7983,36.84,76,100,19.06,overcast clouds
308,Xining,CN,36.6167,101.7667,52.41,24,7,7.67,clear sky
309,Kinshasa,CD,-4.3246,15.3215,90.68,48,100,3.44,overcast clouds
310,Nara,JP,34.6851,135.8049,59.5,45,58,1.61,broken clouds
311,Wanaka,NZ,-44.7,169.15,44.46,86,72,5.93,broken clouds
312,Salihli,TR,38.4826,28.1477,73.06,41,6,10.29,clear sky
313,Hasaki,JP,35.7333,140.8333,50.4,73,100,8.84,overcast clouds
314,Quesnel,CA,52.9999,-122.5029,25.16,82,0,3.22,clear sky
315,Nha Trang,VN,12.25,109.1833,77.0,85,100,10.85,overcast clouds
316,Palmer,US,42.1584,-72.3287,46.78,81,100,6.91,overcast clouds
317,Sudbury,CA,46.49,-80.99,42.42,60,14,10.94,few clouds
318,Wasilla,US,61.5814,-149.4394,35.15,73,100,18.41,overcast clouds
319,Oranjemund,NA,-28.55,16.4333,67.1,56,63,19.69,broken clouds
320,Matagami,CA,49.7502,-77.6328,28.51,31,0,6.91,clear sky
321,Gariaband,IN,20.635,82.0614,91.31,12,12,5.08,few clouds
322,Iqaluit,CA,63.7506,-68.5145,-0.31,77,75,25.32,broken clouds
323,Whitehorse,CA,60.7161,-135.0538,19.09,93,100,6.87,overcast clouds
324,Mahajanga,MG,-15.7167,46.3167,85.53,62,15,5.97,few clouds
325,Islamkot,PK,24.6997,70.177,103.14,10,100,13.76,overcast clouds
326,Fourmies,FR,50.0153,4.0478,50.38,70,100,16.15,overcast clouds
327,Egvekinot,RU,66.3167,-179.1667,-19.5,89,27,8.41,scattered clouds
328,Tessalit,ML,20.1986,1.0114,103.91,4,0,5.06,clear sky
329,Pitimbu,BR,-7.4706,-34.8086,84.79,70,82,8.1,broken clouds
330,Mandalgovi,MN,45.7625,106.2708,47.68,36,18,7.43,few clouds
331,Sabancuy,MX,18.9667,-91.1833,78.78,77,12,10.49,few clouds
332,Divnomorskoye,RU,44.5011,38.1353,51.6,62,2,5.61,clear sky
333,Batagay,RU,67.6333,134.6333,-8.81,100,100,1.19,overcast clouds
334,Grafton,US,42.207,-71.6856,45.9,84,100,9.22,light rain
335,Torbay,CA,47.6666,-52.7314,35.53,91,100,25.32,light rain
336,Kaitangata,NZ,-46.2817,169.8464,47.08,73,100,14.52,overcast clouds
337,Brownsville,US,25.9018,-97.4975,75.15,90,100,5.75,mist
338,Dudinka,RU,69.4058,86.1778,29.62,96,100,10.74,light snow
339,Malanje,AO,-9.5402,16.341,82.6,54,42,4.18,scattered clouds
340,Monchegorsk,RU,67.9397,32.8739,32.63,86,100,6.71,overcast clouds
341,Grand Gaube,MU,-20.0064,57.6608,81.37,76,100,5.99,overcast clouds
342,Khanpur,PK,28.6453,70.6567,100.72,5,0,1.07,clear sky
343,Churhat,IN,24.428,81.6703,93.79,6,7,6.78,clear sky
344,Bull Savanna,JM,17.8868,-77.5902,77.14,73,72,10.0,broken clouds
345,Lorengau,PG,-2.0226,147.2712,80.55,85,92,15.75,light rain
346,Chabahar,IR,25.2919,60.643,81.82,72,5,9.37,clear sky
347,Palestine,PS,31.9216,35.2033,72.93,38,1,24.99,clear sky
348,Salalah,OM,17.0151,54.0924,84.29,70,0,11.5,clear sky
349,Chauk,MM,20.8833,94.8167,97.32,24,67,8.88,broken clouds
350,Cherskiy,RU,68.75,161.3,-21.87,100,98,2.93,overcast clouds
351,Dapaong,TG,10.8639,0.205,102.11,25,100,3.51,overcast clouds
352,Cap Malheureux,MU,-19.9842,57.6142,81.46,76,100,5.99,overcast clouds
353,Ndele,CF,8.4109,20.6473,98.6,25,100,3.87,overcast clouds
354,Seoul,KR,37.5683,126.9778,51.19,26,100,4.81,overcast clouds
355,Ust-Maya,RU,60.4167,134.5333,20.44,92,100,10.49,overcast clouds
356,Agadez,NE,19.75,10.25,103.78,4,100,8.1,overcast clouds
357,Nagua,DO,19.3832,-69.8474,78.85,83,20,4.61,few clouds
358,Tual,ID,-5.6667,132.75,83.28,69,100,6.62,overcast clouds
359,Illela,NG,13.7292,5.2975,108.55,5,85,7.87,overcast clouds
360,Khandyga,RU,62.6667,135.6,13.91,86,100,5.66,overcast clouds
361,General Roca,AR,-39.0333,-67.5833,66.61,36,98,10.45,overcast clouds
362,Vila Franca Do Campo,PT,37.7167,-25.4333,63.01,75,88,12.62,overcast clouds
363,Saint-Gaudens,FR,43.0833,0.6667,48.02,75,100,3.87,overcast clouds
364,Pangody,RU,65.85,74.4859,21.97,91,100,13.85,overcast clouds
365,Sungaipenuh,ID,-2.0833,101.3833,65.98,97,100,0.43,overcast clouds
366,Korla,CN,41.7597,86.1469,71.74,14,0,6.78,clear sky
367,Azad Shahr,IR,34.7909,48.5707,68.49,13,75,13.8,broken clouds
368,Jalu,LY,29.0331,21.5482,108.39,4,0,13.82,clear sky
369,Vardo,NO,70.3705,31.1107,33.78,75,40,25.32,scattered clouds
370,Micheweni,TZ,-4.9667,39.8333,87.67,58,1,7.9,clear sky
371,Geraldton,AU,-28.7667,114.6,72.01,78,100,9.22,overcast clouds
372,Ternate,ID,0.8,127.4,82.85,73,100,7.61,overcast clouds
373,Severobaykalsk,RU,55.65,109.3167,20.61,96,100,1.12,light snow
374,Banda Aceh,ID,5.5577,95.3222,80.08,74,97,3.47,overcast clouds
375,Neuquen,AR,-38.9516,-68.0591,60.69,51,0,5.75,clear sky
376,Tamandare,BR,-8.7597,-35.1047,81.99,71,66,7.92,broken clouds
377,Bilibino,RU,68.0546,166.4372,-15.12,98,80,4.27,broken clouds
378,Acapulco,MX,16.8634,-99.8901,71.42,88,40,4.61,scattered clouds
379,Boa Vista,BR,2.8197,-60.6733,82.38,57,75,13.8,broken clouds
380,Biltine,TD,14.5333,20.9167,107.37,6,5,10.29,clear sky
381,Burnie,AU,-41.0667,145.9167,57.67,73,99,8.16,overcast clouds
382,Bambous Virieux,MU,-20.3428,57.7575,81.21,78,40,10.36,scattered clouds
383,Asosa,ET,10.0667,34.5333,83.17,34,29,7.81,scattered clouds
384,Tahta,EG,26.7693,31.5021,106.09,4,0,17.34,clear sky
385,Hamilton,US,39.1834,-84.5333,51.12,97,99,4.0,overcast clouds
386,Guarapari,BR,-20.6667,-40.4975,80.89,77,22,10.69,few clouds
387,Kodinsk,RU,58.6881,99.1844,38.03,99,100,8.1,overcast clouds
388,Kumylzhenskaya,RU,49.8809,42.5898,52.99,63,100,17.2,overcast clouds
389,Moyale,KE,3.5167,39.0584,82.35,39,79,6.17,broken clouds
390,Teguise,ES,29.0605,-13.564,64.62,42,20,16.11,few clouds
391,Acarau,BR,-2.8856,-40.12,81.57,76,90,9.6,overcast clouds
392,Tura,IN,25.5198,90.2201,76.39,71,0,4.79,clear sky
393,Coromandel,BR,-18.4733,-47.2003,79.39,55,6,5.35,clear sky
394,Sambava,MG,-14.2667,50.1667,82.85,76,71,11.27,broken clouds
395,Capreol,CA,46.706,-80.9225,41.92,53,75,20.71,broken clouds
396,Srednekolymsk,RU,67.45,153.6833,-17.61,100,25,2.04,scattered clouds
397,Iquitos,PE,-3.7481,-73.2472,73.44,100,75,4.61,broken clouds
398,Labuhan,ID,-6.8844,112.2051,78.48,83,59,12.71,broken clouds
399,Mecca,SA,21.4267,39.8261,101.16,13,0,15.79,clear sky
400,Zonguldak,TR,41.25,31.8333,47.25,54,1,6.69,clear sky
401,Luderitz,NA,-26.6481,15.1594,73.67,45,6,27.87,clear sky
402,Shimoda,JP,34.6667,138.95,58.1,77,100,14.36,overcast clouds
403,Vao,NC,-22.6667,167.4833,78.3,85,100,25.77,moderate rain
404,Talaya,RU,61.3833,152.75,-5.03,100,100,1.9,overcast clouds
405,Berlevag,NO,70.8578,29.0864,35.55,60,40,26.46,scattered clouds
406,Nanortalik,GL,60.1432,-45.2371,32.43,71,28,2.57,scattered clouds
407,Rio Cuarto,AR,-33.1307,-64.3499,79.32,60,0,3.44,clear sky
408,Gualaquiza,EC,-3.4,-78.55,64.89,91,100,0.98,overcast clouds
409,Kurilsk,RU,45.2333,147.8833,32.74,82,100,5.82,overcast clouds
410,Dalbandin,PK,28.8947,64.4101,91.72,7,0,13.4,clear sky
411,Hami,CN,42.8,93.45,70.83,13,9,1.81,clear sky
412,Lagos,NG,6.5833,3.75,89.92,54,97,8.16,overcast clouds
413,Kudahuvadhoo,MV,2.6708,72.8944,83.89,67,27,4.72,scattered clouds
414,Pattaya,TH,12.9333,100.8833,90.95,69,9,8.3,clear sky
415,George,ZA,-33.963,22.4617,62.15,67,40,14.97,scattered clouds
416,Husum,DE,54.4858,9.0524,48.97,93,100,21.56,overcast clouds
417,Kurumkan,RU,54.3,110.3,23.86,96,100,2.44,light snow
418,Khowst,AF,33.3833,69.8833,81.91,11,43,14.36,scattered clouds
419,Mitchell,US,43.7094,-98.0298,36.1,87,100,28.77,overcast clouds
420,Sabzevar,IR,36.2126,57.6819,83.48,12,75,13.8,broken clouds
421,Talakan,RU,50.3167,130.3667,21.11,79,100,7.94,overcast clouds
422,Tadine,NC,-21.55,167.8833,78.96,82,100,17.98,overcast clouds
423,Pokrovsk,UA,48.282,37.1758,55.6,45,28,15.64,scattered clouds
424,Mount Gambier,AU,-37.8333,140.7667,55.31,94,75,6.91,broken clouds
425,Abonnema,NG,4.7084,6.7931,87.01,60,100,5.97,overcast clouds
426,Narrabri,AU,-30.3167,149.7833,65.52,95,100,9.82,light rain
427,Sawakin,SD,19.1059,37.3321,89.35,41,0,10.27,clear sky
428,Mayo,US,38.8876,-76.5119,54.95,95,100,11.5,mist
429,Oranjestad,AW,12.524,-70.027,78.21,83,42,24.23,scattered clouds
430,Simao,CN,22.7886,100.9748,63.25,86,16,3.4,light rain
431,Ilebo,CD,-4.3167,20.5833,92.32,44,100,3.87,overcast clouds
432,Rio Gallegos,AR,-51.6226,-69.2181,33.85,80,0,13.8,clear sky
433,Abu Samrah,SY,35.3029,37.1841,77.58,30,100,23.73,overcast clouds
434,Torres,BR,-29.3353,-49.7269,76.82,74,95,3.87,overcast clouds
435,Ballina,AU,-28.8667,153.5667,67.01,99,84,6.82,broken clouds
436,Aqtobe,KZ,50.2797,57.2072,50.09,57,0,15.66,clear sky
437,Olinda,BR,-8.0089,-34.8553,78.53,89,75,8.05,light rain
438,Nome,US,64.5011,-165.4064,-0.33,78,100,8.05,overcast clouds
439,Khasan,RU,42.4308,130.6434,37.54,64,0,7.9,clear sky
440,Alappuzha,IN,9.49,76.3264,83.8,71,49,6.02,heavy intensity rain
441,Shaunavon,CA,49.6501,-108.4181,29.98,95,100,21.99,light snow
442,Buraydah,SA,26.326,43.975,100.85,5,35,9.69,scattered clouds
443,Mount Isa,AU,-20.7333,139.5,78.57,18,0,4.61,light rain
444,Ovalle,CL,-30.5983,-71.2003,71.31,44,0,1.52,clear sky
445,Suntar,RU,62.1444,117.6319,2.95,96,14,3.56,few clouds
446,Neyvo-Shaytanskiy,RU,57.7286,61.2496,37.27,67,61,9.33,broken clouds
447,Cidreira,BR,-30.1811,-50.2056,70.72,69,0,7.56,clear sky
448,Basoko,CD,1.2391,23.616,80.83,67,89,5.88,overcast clouds
449,Rocha,UY,-34.4833,-54.3333,71.22,48,0,7.29,clear sky
450,Alice Springs,AU,-23.7,133.8833,69.22,32,10,6.91,clear sky
451,Darabani,RO,48.1833,26.5833,61.43,42,96,9.86,overcast clouds
452,Yumen,CN,40.2833,97.2,60.51,11,0,1.97,clear sky
453,Llanelli,GB,51.682,-4.1619,54.86,80,20,29.93,few clouds
454,Nizhniy Baskunchak,RU,48.2198,46.8311,56.23,37,65,8.75,broken clouds
455,Leshan,CN,29.5623,103.7639,64.62,65,74,3.02,broken clouds
456,Balabac,PH,7.9868,117.0645,79.2,80,99,3.42,overcast clouds
457,Surt,LY,31.2089,16.5887,82.69,38,48,6.15,scattered clouds
458,Valdez,EC,1.2492,-78.9831,77.38,89,83,6.2,broken clouds
459,Babushkin,RU,51.7122,105.8647,33.64,93,99,2.13,overcast clouds
460,Bose,IT,45.4612,8.0137,59.23,62,100,3.47,overcast clouds
461,Ambilobe,MG,-13.2,49.05,83.21,80,100,4.41,light rain
462,Salinopolis,BR,-0.6136,-47.3561,79.72,79,93,4.52,overcast clouds
463,Bredy,RU,52.4153,60.3411,37.62,74,20,6.58,few clouds
464,Sur,OM,22.5667,59.5289,87.44,49,9,6.4,clear sky
465,Tupik,RU,54.4253,119.9327,4.42,91,11,3.47,few clouds
466,Touros,BR,-5.1989,-35.4608,85.35,63,64,10.42,broken clouds
467,Porto Novo,BJ,6.4965,2.6036,82.22,62,100,11.32,overcast clouds
468,Morondava,MG,-20.2833,44.2833,84.97,45,2,9.93,clear sky
469,Isangel,VU,-19.55,169.2667,79.47,83,100,13.89,overcast clouds
470,Aswan,EG,24.0934,32.907,106.25,3,0,16.26,clear sky
471,Kalevala,RU,65.2,31.1667,31.46,76,100,7.2,overcast clouds
472,Khuzdar,PK,27.7384,66.6434,87.58,11,60,11.39,broken clouds
473,Darnah,LY,32.767,22.6367,73.51,52,48,7.96,scattered clouds
474,Fort Nelson,CA,58.8053,-122.7002,36.99,41,75,6.91,broken clouds
475,Kaeo,NZ,-35.1,173.7833,60.33,94,100,5.59,overcast clouds
476,Baoying,CN,33.2292,119.3092,53.89,95,100,16.37,overcast clouds
477,Solnechnyy,RU,50.7214,136.6319,21.67,67,59,11.88,broken clouds
478,Goderich,CA,43.7501,-81.7165,47.91,71,88,14.97,overcast clouds
479,Vilhena,BR,-12.7406,-60.1458,80.82,69,0,5.75,clear sky
480,Phalombe,MW,-15.8064,35.6507,79.68,73,100,0.94,light rain
481,Kaputa,ZM,-8.4689,29.6619,79.68,66,54,2.95,broken clouds
482,Miandrivazo,MG,-19.5167,45.4667,91.38,39,19,4.68,few clouds
483,Dryden,CA,49.7833,-92.7503,32.29,100,100,20.71,overcast clouds
484,Hofn,IS,64.2539,-15.2082,35.62,38,20,29.93,few clouds
485,Maykor,RU,59.0059,55.88,35.35,88,100,10.04,overcast clouds
486,Shellbrook,CA,53.2168,-106.4011,22.23,92,100,3.76,overcast clouds
487,Lamesa,US,32.7376,-101.951,44.53,27,0,17.65,clear sky
488,Washington,US,47.5001,-120.5015,31.57,68,0,4.27,clear sky
489,Heide,DE,54.2,9.1,48.96,92,100,20.38,overcast clouds
490,Majene,ID,-3.5403,118.9707,78.96,79,100,0.81,overcast clouds
491,Mackay,AU,-21.15,149.2,74.68,72,5,12.39,clear sky
492,Holland,US,42.7875,-86.1089,52.02,73,100,11.5,moderate rain
493,Saint-Francois,FR,46.4154,3.9054,56.64,67,100,8.05,overcast clouds
494,Ucluelet,CA,48.9329,-125.5528,37.71,91,99,7.38,overcast clouds
495,Sinnamary,GF,5.3833,-52.95,79.29,84,100,10.16,overcast clouds
496,Zyryanovsk,KZ,49.7386,84.2719,33.93,98,98,0.65,overcast clouds
497,Taltal,CL,-25.4,-70.4833,69.66,59,42,1.79,scattered clouds
498,Alofi,NU,-19.0595,-169.9187,69.69,100,56,2.3,broken clouds
499,Quatre Cocos,MU,-20.2078,57.7625,81.09,78,100,14.05,overcast clouds
500,Nena,PH,11.7658,125.4178,77.79,92,100,7.65,overcast clouds
501,Oussouye,SN,12.485,-16.5469,93.38,22,3,9.17,clear sky
502,Almenara,BR,-16.1836,-40.6944,86.97,53,49,3.91,scattered clouds
503,Vicosa,BR,-20.7539,-42.8819,78.19,82,100,1.03,overcast clouds
504,Aykhal,RU,66.0,111.5,-0.18,100,100,6.58,overcast clouds
505,Alexandria,EG,31.2156,29.9553,70.05,63,1,12.03,clear sky
506,Calama,CL,-22.4667,-68.9333,63.09,13,75,18.41,broken clouds
507,Raigarh,IN,21.9,83.4,90.68,14,0,5.97,clear sky
508,Jacksonville,US,30.3322,-81.6556,77.11,89,75,10.36,mist
509,Fallon,US,39.4735,-118.7774,26.47,50,0,5.75,clear sky
510,Point Pedro,LK,9.8167,80.2333,84.22,68,72,6.82,broken clouds
511,Saint-Joseph,RE,-21.3667,55.6167,80.98,84,100,14.29,overcast clouds
512,Kungurtug,RU,50.5994,97.5228,34.38,92,23,2.01,few clouds
513,Accrington,GB,53.7538,-2.3586,53.22,79,96,10.0,overcast clouds
514,Shirokiy,RU,49.758,129.523,17.96,78,18,11.16,few clouds
515,Savannah Bight,HN,16.45,-85.85,80.26,79,8,21.85,clear sky
516,Maceio,BR,-9.6658,-35.7353,85.44,58,75,6.91,broken clouds
517,Mangai,CD,-4.05,19.5333,89.51,47,100,2.13,overcast clouds
518,Dingli,MT,35.8614,14.3822,60.82,88,75,18.41,broken clouds
519,Halifax,CA,44.6453,-63.5724,43.21,42,20,8.05,few clouds
520,Kemijarvi,FI,66.7131,27.4306,33.94,85,100,12.03,light snow
521,Aklavik,CA,68.2191,-135.0107,-0.4,55,40,10.36,scattered clouds
522,Biak,ID,-0.9131,122.8766,76.8,83,100,0.34,overcast clouds
523,Megion,RU,61.0296,76.1136,32.02,85,100,21.74,light snow
524,Jogbani,IN,26.4167,87.25,88.45,38,5,8.66,clear sky
525,Jaleswar,NP,26.6471,85.8008,90.77,26,0,7.81,clear sky
526,Pacifica,US,37.6138,-122.4869,58.33,74,0,9.22,mist
527,Killybegs,IE,54.6333,-8.45,49.71,71,34,28.03,scattered clouds
528,Conceicao Do Araguaia,BR,-8.2578,-49.2647,83.19,72,100,1.21,overcast clouds
529,Guangyuan,CN,32.442,105.823,62.65,72,41,3.22,scattered clouds
530,Broome,US,42.2506,-75.833,48.7,80,100,5.75,mist
531,Lyamino,RU,58.2839,57.725,35.62,83,100,10.07,overcast clouds
532,Garchitorena,PH,13.8804,123.6946,78.96,88,100,11.25,overcast clouds
533,Rantauprapat,ID,2.1,99.8333,75.99,95,79,3.47,broken clouds
534,Businga,CD,3.3333,20.8833,89.76,45,100,3.11,overcast clouds
535,Strathmore,CA,51.0501,-113.3852,34.86,63,41,11.5,scattered clouds
536,Iralaya,HN,15.0,-83.2333,80.24,80,100,11.5,overcast clouds
537,Darhan,MN,49.4867,105.9228,52.29,36,79,6.58,broken clouds
538,Arucas,ES,28.1198,-15.5233,65.82,59,64,11.52,broken clouds
539,Murygino,RU,58.7383,49.4582,34.02,98,100,10.58,light snow
540,Port Hardy,CA,50.6996,-127.4199,41.0,93,75,11.5,broken clouds
541,Revda,RU,56.801,59.9303,34.99,74,100,9.04,overcast clouds
542,Formosa,AR,-26.1775,-58.1781,73.38,94,75,6.91,broken clouds
543,Tukrah,LY,32.5341,20.5791,83.48,34,82,3.67,broken clouds
544,Saint-Pierre,RE,-21.3393,55.4781,82.08,73,75,21.85,broken clouds
545,Honningsvag,NO,70.9821,25.9704,35.35,64,40,21.85,scattered clouds
546,Plekhanovo,RU,52.6271,39.8568,37.67,92,100,6.67,overcast clouds
547,Soe,ID,-9.8607,124.284,66.04,93,98,2.46,overcast clouds
548,Yulara,AU,-25.2406,130.9889,76.84,44,0,12.66,clear sky
549,Qunduz,AF,36.729,68.857,85.39,21,1,5.82,clear sky
550,Banjar,ID,-8.19,114.9675,77.22,89,18,5.79,few clouds
551,Altay,CN,47.8667,88.1167,47.8,45,73,9.37,broken clouds
552,Reconquista,AR,-29.15,-59.65,74.95,76,2,5.79,clear sky
553,Umm Kaddadah,SD,13.6017,26.6876,104.43,7,65,16.69,broken clouds
554,Dauphin,CA,51.1494,-100.0502,32.14,94,100,17.27,overcast clouds
555,Najran,SA,17.4924,44.1277,90.25,5,0,15.1,clear sky
556,Nurota,UZ,40.5614,65.6886,78.69,26,100,10.89,overcast clouds
557,Westerland,DE,54.9079,8.3033,47.01,87,100,21.85,overcast clouds
558,Pemberton,CA,50.3164,-122.8027,28.09,94,88,1.63,overcast clouds
559,Bonavista,CA,48.6499,-53.1147,32.49,97,100,30.33,light snow
560,Ilesha,NG,7.1371,5.2583,98.22,36,99,5.55,overcast clouds
561,Talara,PE,-4.5772,-81.2719,72.36,73,0,18.41,clear sky
562,Llandrindod Wells,GB,52.2416,-3.3787,51.3,90,100,19.42,overcast clouds
563,Abadan,IR,30.3392,48.3043,94.95,11,0,6.91,clear sky
564,Falmouth,GB,50.1544,-5.0711,56.3,87,75,25.32,broken clouds
565,Amalapuram,IN,16.5833,82.0167,80.17,72,98,5.01,overcast clouds
566,Lac Du Bonnet,CA,50.2536,-96.0612,32.47,97,100,12.97,light snow
567,The Valley,AI,18.217,-63.0578,81.82,69,40,18.41,scattered clouds
568,Port-Cartier,CA,50.0334,-66.8654,32.11,78,9,9.91,clear sky
569,Namibe,AO,-15.1961,12.1522,78.48,65,13,15.28,few clouds
570,Ancud,CL,-41.8697,-73.8203,59.23,97,100,17.22,light rain
571,Yarada,IN,17.65,83.2667,84.52,74,40,4.61,mist
572,Knysna,ZA,-34.0363,23.0471,64.58,65,41,20.51,light rain
573,Tilichiki,RU,60.4667,166.1,-0.99,83,0,7.83,clear sky
574,Chinsali,ZM,-10.5414,32.0816,77.63,67,50,3.69,light rain
575,Sisimiut,GL,66.9395,-53.6735,26.24,91,100,8.61,overcast clouds
576,Tsiroanomandidy,MG,-18.7667,46.0333,81.34,55,48,3.78,scattered clouds
577,Senanga,ZM,-16.1167,23.2667,81.45,57,100,4.94,overcast clouds
578,Agadir,MA,30.4202,-9.5982,68.45,51,11,12.62,few clouds
579,Konstantinovka,RU,49.6167,127.9833,22.64,75,90,8.39,overcast clouds
580,Ushtobe,KZ,45.2514,77.9838,76.89,24,70,4.09,broken clouds
581,Richmond,US,37.5538,-77.4603,58.06,94,100,10.36,overcast clouds
582,West Fargo,US,46.875,-96.9004,34.02,90,100,28.77,overcast clouds
583,Jadu,LY,31.953,12.0261,97.11,8,6,24.76,clear sky
584,Mugan,CN,35.9404,101.3842,51.42,16,0,1.79,clear sky
585,Linxia,CN,35.6003,103.2064,56.64,16,2,2.39,clear sky
586,Hovd,MN,48.0056,91.6419,52.59,24,6,2.35,clear sky
587,Cabinda,AO,-5.55,12.2,86.14,66,75,6.91,broken clouds
588,Thanh Hoa,VN,19.8,105.7667,70.18,66,6,4.43,clear sky
589,Crato,BR,-7.2342,-39.4094,82.11,74,75,6.91,broken clouds
590,Nabire,ID,-3.3667,135.4833,76.87,92,100,3.85,overcast clouds
591,Nushki,PK,29.5542,66.0215,88.43,12,3,16.22,clear sky
592,Gambela,ET,8.25,34.5833,104.07,20,10,7.9,clear sky
593,Verkhoturye,RU,58.8627,60.8054,37.65,74,81,9.73,broken clouds
594,Henties Bay,NA,-22.116,14.2845,66.42,69,0,11.86,clear sky
595,Tiznit,MA,29.5833,-9.5,55.94,60,100,11.45,overcast clouds
596,Stykkisholmur,IS,65.0757,-22.7297,27.57,61,98,19.44,overcast clouds
597,Cockburn Town,TC,21.4612,-71.1419,78.51,75,0,18.54,clear sky
598,Beringovskiy,RU,63.05,179.3167,-4.7,81,14,13.04,few clouds
599,Macon,US,39.8667,-88.9668,44.87,100,100,6.91,light rain
600,Campos,BR,-21.75,-41.3,82.45,69,75,18.41,broken clouds
601,Arcachon,FR,44.5875,-1.0519,57.52,76,100,9.22,overcast clouds
602,Krasnoselkup,RU,65.7,82.4667,24.49,92,100,19.62,overcast clouds
603,Paita,PE,-5.0892,-81.1144,71.11,77,82,10.27,broken clouds
604,Polunochnoye,RU,60.8697,60.4153,34.27,78,8,7.31,clear sky
605,Grahamstown,ZA,-33.3042,26.5328,59.95,36,36,19.84,scattered clouds
606,Kamiiso,JP,41.8167,140.65,33.78,71,8,5.75,clear sky
607,Moron,AR,-34.6534,-58.6198,71.78,68,0,5.82,clear sky
608,Kamina,CD,-8.7386,24.9906,82.96,53,100,0.29,overcast clouds
609,San Jeronimo,PE,-11.9472,-75.2829,48.88,75,67,2.06,broken clouds
610,Taoudenni,ML,22.6783,-3.9836,92.71,11,7,12.17,clear sky
611,Yatou,CN,37.15,122.3833,40.48,57,57,3.58,broken clouds
612,Niquelandia,BR,-14.4739,-48.4597,86.13,42,0,3.11,clear sky
613,Iranshahr,IR,27.2025,60.6848,98.94,9,0,18.41,clear sky
614,Santa Lucia,ES,27.9117,-15.5407,60.12,45,75,20.71,broken clouds
615,Ola,RU,59.5833,151.2833,23.14,75,100,23.87,overcast clouds
616,Urumqi,CN,43.801,87.6005,70.75,14,0,2.24,clear sky
617,Hammerfest,NO,70.6634,23.6821,32.45,69,40,23.02,scattered clouds
618,Houma,US,29.5958,-90.7195,75.99,93,100,9.22,mist
619,Klaksvik,FO,62.2266,-6.589,32.92,67,100,34.76,snow
620,Vilcun,CL,-38.65,-72.2333,48.94,86,65,1.3,broken clouds
621,Pyaozerskiy,RU,65.8333,31.1667,31.46,97,100,6.78,snow
622,Cozumel,MX,20.5083,-86.9458,81.95,87,40,7.0,scattered clouds
623,Vostok,RU,46.4856,135.8833,21.54,71,100,8.97,overcast clouds
624,Canandaigua,US,42.8742,-77.288,51.57,76,100,1.99,overcast clouds
625,Kiama,AU,-34.6833,150.8667,66.58,92,100,11.99,light rain
626,Codrington,AU,-38.2667,141.9667,55.4,92,5,6.11,clear sky
627,Micomeseng,GQ,2.1462,10.6164,91.65,43,94,0.78,overcast clouds
628,Honiara,SB,-9.4333,159.95,77.04,97,100,8.34,heavy intensity rain
629,Guadalupe Y Calvo,MX,26.1,-106.9667,39.07,52,0,5.88,clear sky
630,Nishihara,JP,26.1842,127.7558,67.28,66,75,8.05,broken clouds
631,Asau,RO,46.4333,26.4,67.95,31,58,10.07,broken clouds
632,Jalapa,MX,19.5333,-96.9167,68.72,32,6,5.77,clear sky
633,Santander,ES,43.4647,-3.8044,57.6,66,0,11.5,clear sky
634,Crowley,US,30.2141,-92.3746,75.27,92,100,13.0,overcast clouds
635,Sinegorye,RU,62.0788,150.477,-0.26,100,100,0.27,overcast clouds
636,Kampong Thum,KH,12.7111,104.8887,82.2,67,53,4.92,broken clouds
637,Darlowo,PL,54.421,16.4107,46.4,87,100,25.43,overcast clouds
638,Hornepayne,CA,49.2138,-84.7705,34.75,90,100,13.53,overcast clouds
639,Melfi,IT,40.9965,15.6514,55.96,61,54,2.64,broken clouds
640,Mudgee,AU,-32.5943,149.5871,63.79,77,100,8.05,overcast clouds
641,Haines Junction,CA,60.7522,-137.5108,26.55,68,76,2.3,broken clouds
642,Saint-Leu,RE,-21.15,55.2833,81.46,83,100,8.95,light rain
643,Taktaharkany,HU,48.0833,21.1333,61.63,58,52,14.43,broken clouds
644,Myaundzha,RU,63.0494,147.1858,-5.69,97,100,3.91,overcast clouds
645,Badou,TG,7.5833,0.6,92.73,49,90,4.36,overcast clouds
646,Quthing,LS,-30.4,27.7003,65.98,31,0,19.8,clear sky
647,Tokur,RU,53.1333,132.9,9.45,95,100,3.62,overcast clouds
648,Ouango,CF,4.3133,22.5552,94.59,37,100,4.92,overcast clouds
649,Kristiinankaupunki,FI,62.2743,21.376,30.45,90,100,13.89,light snow
650,Aden,YE,12.7794,45.0367,82.6,70,0,16.02,clear sky
651,Deer Lake,CA,49.1667,-57.4316,35.46,75,75,9.22,broken clouds
652,Arkadelphia,US,34.1209,-93.0538,60.57,74,100,18.41,overcast clouds
653,Jurm,AF,36.8648,70.8342,69.35,24,9,5.84,clear sky
654,Dandong,CN,40.1292,124.3947,42.78,34,100,4.21,overcast clouds
655,Lodwar,KE,3.1191,35.5973,98.64,22,49,18.21,scattered clouds
656,Long Xuyen,VN,10.3833,105.4167,78.75,66,99,7.14,overcast clouds
657,Along,IN,28.1667,94.7667,67.93,96,56,0.56,broken clouds
658,Robertsport,LR,6.7533,-11.3686,80.55,78,100,8.88,overcast clouds
659,Nouadhibou,MR,20.931,-17.0347,76.98,33,0,21.85,sand
660,Vangaindrano,MG,-23.35,47.6,81.07,81,9,6.02,light rain
661,Basco,PH,20.4487,121.9702,74.66,74,96,22.3,overcast clouds
662,Bud,US,39.447,-86.1758,51.85,98,100,11.3,overcast clouds
663,Deputatskiy,RU,69.3,139.9,-19.37,100,82,1.36,broken clouds
664,Asfi,MA,32.2994,-9.2372,60.6,65,15,9.91,few clouds
665,Qaqortoq,GL,60.7167,-46.0333,32.05,66,77,0.31,broken clouds
666,Mareeba,AU,-17.0,145.4333,74.12,91,13,2.04,few clouds
667,Leshukonskoye,RU,64.8989,45.7622,35.06,76,100,12.21,overcast clouds
668,Vanavara,RU,60.34,102.2797,34.18,98,100,7.83,overcast clouds
669,Alekseyevsk,RU,57.8406,108.3492,31.46,97,100,5.41,light snow
670,Tocopilla,CL,-22.092,-70.1979,70.9,61,64,4.0,broken clouds
671,Kirakira,SB,-10.4544,161.9205,79.0,87,100,8.01,light rain
672,Baghmara,IN,23.795,86.2085,92.93,5,0,7.72,clear sky
673,Gazimurskiy Zavod,RU,51.5461,118.3266,16.52,49,0,2.8,clear sky
674,Griffith,US,41.5284,-87.4237,48.13,92,100,8.05,moderate rain
675,Luena,AO,-11.7833,19.9167,80.78,74,40,6.91,scattered clouds
676,Ikauna,IN,27.55,81.9667,91.81,6,100,7.2,overcast clouds
677,Mutuipe,BR,-13.2286,-39.5047,83.48,56,29,5.57,scattered clouds
678,Santa Fe,AR,-31.6333,-60.7,76.01,73,7,5.01,light rain
679,Lianzhou,CN,24.7811,112.3825,67.62,71,43,4.56,scattered clouds
680,Santa Cruz Del Sur,CU,20.7147,-77.9956,78.3,77,1,5.66,clear sky
681,Kushiro,JP,42.975,144.3747,35.42,81,15,8.05,few clouds
682,Villamontes,BO,-21.25,-63.5,76.44,73,40,0.0,scattered clouds
683,Plouzane,FR,48.3833,-4.6167,55.45,88,100,21.85,overcast clouds
684,Bonfim,BR,3.0833,-59.95,83.16,52,97,8.1,overcast clouds
685,Key West,US,24.5557,-81.7826,84.2,79,20,13.8,few clouds
686,San Antonio Del Tequendama,CO,4.6189,-74.3539,70.5,74,96,1.86,overcast clouds
687,Kropotkin,RU,45.4375,40.5756,52.81,66,77,5.19,broken clouds
688,Necochea,AR,-38.5473,-58.7368,69.33,46,21,13.91,few clouds
689,Xinxiang,CN,35.3089,113.8672,55.18,48,0,7.85,clear sky
690,Kokuy,RU,52.2037,117.5529,23.77,30,11,2.15,few clouds
691,Altamira,BR,-3.2033,-52.2064,84.29,79,75,2.3,broken clouds
692,Pasni,PK,25.2631,63.471,81.97,64,0,14.9,clear sky
693,Bryan,US,30.6744,-96.37,71.47,75,75,18.41,haze
694,Rock Sound,BS,24.9,-76.2,78.04,76,74,17.78,broken clouds
695,Shubarkuduk,KZ,49.1447,56.4872,54.46,49,100,12.12,overcast clouds
696,Miraflores,MX,19.2167,-98.8083,62.02,25,91,2.28,overcast clouds
697,Mali,GN,12.079,-12.2982,86.45,13,4,8.28,clear sky
698,Yzeure,FR,46.5644,3.355,52.63,84,100,5.64,overcast clouds
699,Vasylivka,UA,47.4369,35.2742,54.01,56,15,8.03,few clouds
700,Sola,VU,-13.8833,167.55,83.05,75,100,17.94,light rain
701,Xiongzhou,CN,25.1167,114.3,69.64,68,100,3.22,overcast clouds
702,Atkarsk,RU,51.8718,45.0078,45.37,95,100,17.29,overcast clouds
703,Sitka,US,57.0531,-135.33,40.89,70,75,11.5,broken clouds
704,Etzatlan,MX,20.7667,-104.0833,52.45,63,84,2.37,broken clouds
705,Log,RU,49.4844,43.8613,51.93,50,100,16.62,overcast clouds
706,Belmonte,BR,-15.8631,-38.8828,80.87,74,35,5.86,scattered clouds
707,Lahad Datu,MY,5.0268,118.327,75.51,91,100,3.24,overcast clouds
708,Kosa,RU,59.9445,54.9977,33.6,93,100,10.04,overcast clouds
709,Bagotville,AU,-28.9833,153.4167,71.42,99,98,5.32,overcast clouds
710,Mina,MX,26.0011,-100.5299,71.01,16,0,7.02,clear sky
711,Aleksandrovsk,RU,59.158,57.5624,39.79,45,100,8.7,overcast clouds
712,Patiya,BD,22.2931,91.9762,84.15,70,40,5.75,haze
713,Sao Francisco,BR,-15.9486,-44.8644,86.83,39,0,4.9,clear sky
714,Tamworth,GB,52.634,-1.6959,53.73,75,100,11.99,overcast clouds
715,Gweru,ZW,-19.45,29.8167,76.89,44,100,4.74,overcast clouds
716,Dingzhou,CN,38.5131,114.9956,48.31,36,0,4.41,clear sky
